Event_ID,Unit_Code,Sampling_Frame,Year,Cycle,Transect_Type,Transect_Number,Azimuth_Transect,Lat,Long,GCS,Lat_Dir,Long_Dir,Certified,Verified
20101223103744-814663946.628571,HAVO,Olaa,2010,1,Fixed,3,60,19.47809,-155.223504,World Geodetic System 1984,North,West,TRUE,TRUE
20101223113134-410036683.082581,HAVO,Olaa,2010,1,Rotational,17,308,19.473654,-155.222101,World Geodetic System 1984,North,West,TRUE,TRUE
20101223131632-939971148.967743,HAVO,Olaa,2010,1,Fixed,8,59,19.495876,-155.259758,World Geodetic System 1984,North,West,TRUE,TRUE
20101223135749-547011435.031891,HAVO,Olaa,2010,1,Fixed,9,59,19.510787,-155.247478,World Geodetic System 1984,North,West,TRUE,TRUE
20110103074010-760723590.85083,HAVO,Olaa,2010,1,Fixed,10,60,19.501658,-155.271124,World Geodetic System 1984,North,West,TRUE,TRUE
20110103080124-105452656.745911,HAVO,Olaa,2010,1,Rotational,12,144,19.512068,-155.25624,World Geodetic System 1984,North,West,TRUE,TRUE
20110103082702-330300807.952881,HAVO,Olaa,2010,1,Rotational,13,342,19.471746,-155.248643,World Geodetic System 1984,North,West,TRUE,TRUE
20110103105107-945072233.67691,HAVO,Olaa,2010,1,Rotational,14,125,19.46481,-155.236959,World Geodetic System 1984,North,West,TRUE,TRUE
20110103111547-901996314.525604,HAVO,Olaa,2010,1,Rotational,16,69,19.496271,-155.26784,World Geodetic System 1984,North,West,TRUE,TRUE
20110104121500-709037899.971008,HAVO,Nahuku/East Rift,2010,1,Fixed,1,153,19.386043,-155.229628,World Geodetic System 1984,North,West,TRUE,TRUE
20110104131931-872546851.634979,HAVO,Nahuku/East Rift,2010,1,Fixed,2,153,19.385564,-155.216334,World Geodetic System 1984,North,West,TRUE,TRUE
20110104132831-746006906.032562,HAVO,Nahuku/East Rift,2010,1,Fixed,5,137,19.354402,-155.163908,World Geodetic System 1984,North,West,TRUE,TRUE
20110104140132-694607496.261597,HAVO,Nahuku/East Rift,2010,1,Fixed,6,167,19.364098,-155.159725,World Geodetic System 1984,North,West,TRUE,TRUE
20110104140525-405744910.240173,HAVO,Nahuku/East Rift,2010,1,Fixed,9,142,19.373801,-155.125751,World Geodetic System 1984,North,West,TRUE,TRUE
20110104141808-714927077.293396,HAVO,Nahuku/East Rift,2010,1,Fixed,10,142,19.351519,-155.143429,World Geodetic System 1984,North,West,TRUE,TRUE
20110104144620-546630382.537842,HAVO,Nahuku/East Rift,2010,1,Fixed,3,153,19.387404,-155.204605,World Geodetic System 1984,North,West,TRUE,TRUE
20110104145116-201244592.666626,HAVO,Nahuku/East Rift,2010,1,Rotational,11,324,19.389555,-155.226734,World Geodetic System 1984,North,West,TRUE,TRUE
20110104145631-514270186.424255,HAVO,Nahuku/East Rift,2010,1,Rotational,14,123,19.396894,-155.243929,World Geodetic System 1984,North,West,TRUE,TRUE
20110104151029-271568596.363068,HAVO,Nahuku/East Rift,2010,1,Rotational,15,210,19.348174,-155.118197,World Geodetic System 1984,North,West,TRUE,TRUE
20110104152454-459249317.646027,HAVO,Nahuku/East Rift,2010,1,Rotational,17,225,19.360587,-155.117215,World Geodetic System 1984,North,West,TRUE,TRUE
20110104154034-411324739.456177,HAVO,Nahuku/East Rift,2010,1,Rotational,18,278,19.35318,-155.149589,World Geodetic System 1984,North,West,TRUE,TRUE
20110105092212-709037899.971008,HAVO,Nahuku/East Rift,2010,1,Rotational,19,300,19.344988,-155.109429,World Geodetic System 1984,North,West,TRUE,TRUE
20110105093500-219409108.161926,HAVO,Nahuku/East Rift,2010,1,Rotational,20,41,19.341206,-155.135587,World Geodetic System 1984,North,West,TRUE,TRUE
20110105102737-797012567.520142,HAVO,Olaa,2010,1,Fixed,6,63,19.488246,-155.253776,World Geodetic System 1984,North,West,TRUE,TRUE
20110119084024-829801619.052887,HAVO,Olaa,2011,1,Rotational,11,214,19.505009,-155.223853,World Geodetic System 1984,North,West,TRUE,TRUE
20110124073135-862619340.419769,HAVO,Nahuku/East Rift,2011,1,Fixed,4,153,19.390648,-155.193293,World Geodetic System 1984,North,West,TRUE,TRUE
20110207100200-760723590.85083,HAVO,Olaa,2011,1,Rotational,15,307,19.512648,-155.228453,World Geodetic System 1984,North,West,TRUE,TRUE
20110727065132-579518616.199493,HAVO,Kahuku,2011,1,Fixed,11,128,19.250118,-155.599171,World Geodetic System 1984,North,West,TRUE,TRUE
20110809061759-579518616.199493,HAVO,Kahuku,2011,1,Rotational,30,70,19.26476,-155.587393,World Geodetic System 1984,North,West,TRUE,TRUE
20110809064021-533873081.207275,HAVO,Kahuku,2011,1,Rotational,28,148,19.269639,-155.577608,World Geodetic System 1984,North,West,TRUE,TRUE
20110809064608-404834151.268005,HAVO,Kahuku,2011,1,Rotational,24,136,19.257755,-155.59040100000001,World Geodetic System 1984,North,West,TRUE,TRUE
20110809065615-169873476.028442,HAVO,Kahuku,2011,1,Rotational,26,344,19.252749,-155.597663,World Geodetic System 1984,North,West,TRUE,TRUE
20110809070045-114623308.181763,HAVO,Kahuku,2011,1,Fixed,12,308,19.255345,-155.590982,World Geodetic System 1984,North,West,TRUE,TRUE
20110809075914-226866006.851196,HAVO,Kahuku,2011,1,Rotational,29,210,19.255715,-155.595437,World Geodetic System 1984,North,West,TRUE,TRUE
20110809114054-56236863.1362915,HAVO,Kahuku,2011,1,Rotational,16,96,19.105709,-155.677744,World Geodetic System 1984,North,West,TRUE,TRUE
20110809125352-814490020.275116,HAVO,Kahuku,2011,1,Rotational,20,194,19.118175,-155.683617,World Geodetic System 1984,North,West,TRUE,TRUE
20110809133924-922954559.326172,HAVO,Kahuku,2011,1,Rotational,17,76,19.120261,-155.683033,World Geodetic System 1984,North,West,TRUE,TRUE
20110809142522-652376711.368561,HAVO,Kahuku,2011,1,Fixed,3,175,19.117675,-155.680122,World Geodetic System 1984,North,West,TRUE,TRUE
20110809144546-797012567.520142,HAVO,Kahuku,2011,1,Fixed,1,240,19.103486,-155.672323,World Geodetic System 1984,North,West,TRUE,TRUE
20110811070548-329735934.734344,HAVO,Mauna Loa,2011,1,Fixed,10,137,19.496527,-155.397212,World Geodetic System 1984,North,West,TRUE,TRUE
20110811071625-114623308.181763,HAVO,Kahuku,2011,1,Rotational,19,356,19.138898,-155.686118,World Geodetic System 1984,North,West,TRUE,TRUE
20110811085143-169873476.028442,HAVO,Kahuku,2011,1,Fixed,5,267,19.147614,-155.685328,World Geodetic System 1984,North,West,TRUE,TRUE
20110811090805-446993231.773376,HAVO,Mauna Loa,2011,1,Fixed,6,128,19.303874,-155.564715,World Geodetic System 1984,North,West,TRUE,TRUE
20110811093315-226866006.851196,HAVO,Kahuku,2011,1,Rotational,23,105,19.216814,-155.636518,World Geodetic System 1984,North,West,TRUE,TRUE
20110811094542-530212521.55304,HAVO,Kahuku,2011,1,Fixed,6,128,19.193725,-155.661422,World Geodetic System 1984,North,West,TRUE,TRUE
20110811095313-714816331.863403,HAVO,Mauna Loa,2011,1,Rotational,15,240,19.236588,-155.747631,World Geodetic System 1984,North,West,TRUE,TRUE
20110830105309-579518616.199493,HAVO,Mauna Loa,2011,1,Rotational,11,76,19.285779,-155.598469,World Geodetic System 1984,North,West,TRUE,TRUE
20110830133852-378902554.512024,HAVO,Mauna Loa,2011,1,Fixed,9,192,19.48585,-155.409654,World Geodetic System 1984,North,West,TRUE,TRUE
20110830135445-390471458.435059,HAVO,Kahuku,2011,1,Fixed,14,128,19.269141,-155.578989,World Geodetic System 1984,North,West,TRUE,TRUE
20110830141740-538246333.599091,HAVO,Kahuku,2011,1,Fixed,15,308,19.273798,-155.569581,World Geodetic System 1984,North,West,TRUE,TRUE
20110906073909-579518616.199493,HAVO,Kahuku,2011,1,Rotational,27,57,19.271472,-155.57506,World Geodetic System 1984,North,West,TRUE,TRUE
20110906082913-462980031.967163,HAVO,Mauna Loa,2011,1,Rotational,17,350,19.292007,-155.570559,World Geodetic System 1984,North,West,TRUE,TRUE
20110906124415-579518616.199493,HAVO,Mauna Loa,2011,1,Fixed,3,100,19.397874,-155.74247,World Geodetic System 1984,North,West,TRUE,TRUE
20110907084009-536794066.429138,HAVO,Kahuku,2011,1,Fixed,2,333,19.115072,-155.676565,World Geodetic System 1984,North,West,TRUE,TRUE
20110907100146-378606200.218201,HAVO,Kahuku,2011,1,Fixed,8,308,19.204562,-155.645124,World Geodetic System 1984,North,West,TRUE,TRUE
20110907133528-579518616.199493,HAVO,Kahuku,2011,1,Fixed,10,308,19.242526,-155.604081,World Geodetic System 1984,North,West,TRUE,TRUE
20110915130854-284480273.723602,HAVO,Kahuku,2011,1,Rotational,22,61,19.199745,-155.652936,World Geodetic System 1984,North,West,TRUE,TRUE
20110915135815-492165625.095367,HAVO,Mauna Loa,2011,1,Fixed,5,128,19.290416,-155.577116,World Geodetic System 1984,North,West,TRUE,TRUE
20110919093019-326206207.275391,HAVO,Kahuku,2011,1,Fixed,4,91,19.128391,-155.67905,World Geodetic System 1984,North,West,TRUE,TRUE
20110919135040-15682399.2729187,HAVO,Kahuku,2011,1,Fixed,9,308,19.210587,-155.638082,World Geodetic System 1984,North,West,TRUE,TRUE
20110919150808-441216230.392456,HAVO,Kahuku,2011,1,Fixed,7,308,19.198755,-155.65272,World Geodetic System 1984,North,West,TRUE,TRUE
20110920151508-428456366.062164,HAVO,Mauna Loa,2011,1,Rotational,20,345,19.351536,-155.547944,World Geodetic System 1984,North,West,TRUE,TRUE
20110921063104-579518616.199493,HAVO,Mauna Loa,2011,1,Fixed,8,128,19.339953,-155.552255,World Geodetic System 1984,North,West,TRUE,TRUE
20110921072606-705547511.577606,HAVO,Mauna Loa,2011,1,Rotational,14,110,19.32336,-155.555792,World Geodetic System 1984,North,West,TRUE,TRUE
20110921133538-579518616.199493,HAVO,Mauna Loa,2011,1,Fixed,2,128,19.318249,-155.55323,World Geodetic System 1984,North,West,TRUE,TRUE
20110922083609-579518616.199493,HAVO,Mauna Loa,2011,1,Rotational,18,228,19.393543,-155.742236,World Geodetic System 1984,North,West,TRUE,TRUE
20111012091752-579518616.199493,HAVO,Kahuku,2011,1,Rotational,21,258,19.209454,-155.639043,World Geodetic System 1984,North,West,TRUE,TRUE
20111012150622-705547511.577606,HAVO,Kahuku,2011,1,Fixed,13,308,19.261527,-155.583624,World Geodetic System 1984,North,West,TRUE,TRUE
20111017133948-579518616.199493,HAVO,Mauna Loa,2011,1,Rotational,19,19,19.261914,-155.614143,World Geodetic System 1984,North,West,TRUE,TRUE
20111018134013-579518616.199493,HAVO,Mauna Loa,2011,1,Rotational,13,283,19.508523,-155.405856,World Geodetic System 1984,North,West,TRUE,TRUE
20111019082128-289562463.760376,HAVO,Kahuku,2011,1,Rotational,25,307,19.273405,-155.569946,World Geodetic System 1984,North,West,TRUE,TRUE
20111019134724-22629201.4122009,HAVO,Mauna Loa,2011,1,Fixed,4,128,19.278346,-155.607367,World Geodetic System 1984,North,West,TRUE,TRUE
20111020081841-948571085.929871,HAVO,Mauna Loa,2011,1,Fixed,7,128,19.312132,-155.560525,World Geodetic System 1984,North,West,TRUE,TRUE
20111116072230-579518616.199493,HAVO,Mauna Loa,2011,1,Rotational,12,85,19.238767,-155.657622,World Geodetic System 1984,North,West,TRUE,TRUE
20111116142901-579518616.199493,HAVO,Mauna Loa,2011,1,Fixed,1,68,19.239547,-155.761617,World Geodetic System 1984,North,West,TRUE,TRUE
20111117063102-579518616.199493,HAVO,Mauna Loa,2011,1,Rotational,16,126,19.502627,-155.452862,World Geodetic System 1984,North,West,TRUE,TRUE
20111121132445-862619340.419769,HAVO,Kahuku,2011,1,Rotational,18,276,19.096606,-155.669752,World Geodetic System 1984,North,West,TRUE,TRUE
20120208113540-705547511.577606,HAVO,Olaa,2010,1,Fixed,1,60,19.461313,-155.242224,World Geodetic System 1984,North,West,TRUE,TRUE
20120302084109-705547511.577606,HAVO,Olaa,2010,1,Fixed,4,60,19.468763,-155.251726,World Geodetic System 1984,North,West,TRUE,TRUE
20120813100226-705547511.577606,KALA,Kalawao,2012,1,Rotational,1,241,21.18596,-156.94917,World Geodetic System 1984,North,West,TRUE,TRUE
20120816145527-579518616.199493,KALA,Kalawao,2012,1,Rotational,2,241,21.187124,-156.949116,World Geodetic System 1984,North,West,TRUE,TRUE
20120817091217-431144356.7276,KALA,Kalawao,2012,1,Rotational,3,241,21.188774,-156.949632,World Geodetic System 1984,North,West,TRUE,TRUE
20120817110831-281381428.24173,KALA,Kalawao,2012,1,Rotational,4,241,21.189778,-156.950475,World Geodetic System 1984,North,West,TRUE,TRUE
20120817132255-579518616.199493,KALA,Kalawao,2012,1,Rotational,5,241,21.191171,-156.950697,World Geodetic System 1984,North,West,TRUE,TRUE
20120820100438-406421303.749084,KALA,Kalawao,2012,1,Rotational,6,241,21.192151,-156.951829,World Geodetic System 1984,North,West,TRUE,TRUE
20120820104259-410631656.646729,KALA,Kalawao,2012,1,Rotational,7,241,21.193502,-156.952292,World Geodetic System 1984,North,West,TRUE,TRUE
20120820115622-721003949.642181,KALA,Kalawao,2012,1,Rotational,8,241,21.194675,-156.952902,World Geodetic System 1984,North,West,TRUE,TRUE
20120820141136-705547511.577606,KALA,Kalawao,2012,1,Rotational,9,241,21.195643,-156.953813,World Geodetic System 1984,North,West,TRUE,TRUE
20120820153523-326143980.026245,KALA,Kalawao,2012,1,Rotational,10,241,21.196912,-156.954971,World Geodetic System 1984,North,West,TRUE,TRUE
20120821084725-634571135.044098,KALA,Kalawao,2012,1,Rotational,11,241,21.197787,-156.955613,World Geodetic System 1984,North,West,TRUE,TRUE
20120821105453-499257028.102875,KALA,Kalawao,2012,1,Rotational,12,241,21.199053,-156.956501,World Geodetic System 1984,North,West,TRUE,TRUE
20120821115544-579518616.199493,KALA,Kalawao,2012,1,Rotational,13,241,21.200156,-156.957285,World Geodetic System 1984,North,West,TRUE,TRUE
20120821133754-579518616.199493,KALA,Kalawao,2012,1,Rotational,14,241,21.201454,-156.957845,World Geodetic System 1984,North,West,TRUE,TRUE
20120822072136-579518616.199493,KALA,Kalawao,2012,1,Rotational,15,241,21.202615,-156.958263,World Geodetic System 1984,North,West,TRUE,TRUE
20120822102618-579518616.199493,KALA,Kalawao,2012,1,Rotational,16,241,21.204519,-156.95814,World Geodetic System 1984,North,West,TRUE,TRUE
20120822114054-406421303.749084,KALA,Hoolehua,2012,1,Rotational,17,220,21.205713,-156.959019,World Geodetic System 1984,North,West,TRUE,TRUE
20120822135820-48118889.3318176,KALA,Hoolehua,2012,1,Rotational,19,220,21.207832,-156.960984,World Geodetic System 1984,North,West,TRUE,TRUE
20120823080246-579518616.199493,KALA,Hoolehua,2012,1,Rotational,18,220,21.206627,-156.959951,World Geodetic System 1984,North,West,TRUE,TRUE
20120823113119-579518616.199493,KALA,Hoolehua,2012,1,Rotational,20,220,21.208721,-156.962079,World Geodetic System 1984,North,West,TRUE,TRUE
20120823133528-579518616.199493,KALA,Hoolehua,2012,1,Rotational,21,220,21.209127,-156.963528,World Geodetic System 1984,North,West,TRUE,TRUE
20120823143815-138732314.109802,KALA,Hoolehua,2012,1,Rotational,22,220,21.210124,-156.964564,World Geodetic System 1984,North,West,TRUE,TRUE
20120824073928-536794066.429138,KALA,Hoolehua,2012,1,Rotational,23,220,21.21077,-156.965701,World Geodetic System 1984,North,West,TRUE,TRUE
20120824083956-121549963.951111,KALA,Hoolehua,2012,1,Rotational,24,220,21.211616,-156.966971,World Geodetic System 1984,North,West,TRUE,TRUE
20120827144928-928785979.747772,KALA,Hoolehua,2012,1,Rotational,25,220,21.212459,-156.96798,World Geodetic System 1984,North,West,TRUE,TRUE
20121119132202-579518616.199493,HALE,Haleakala,2012,1,Rotational,17,276,20.708923,-156.219677,World Geodetic System 1984,North,West,TRUE,TRUE
20121119134003-712730467.319489,HALE,Haleakala,2012,1,Rotational,19,312,20.722561,-156.188386,World Geodetic System 1984,North,West,TRUE,TRUE
20121119141709-721895098.686218,HALE,Haleakala,2012,1,Rotational,15,290,20.700593,-156.237761,World Geodetic System 1984,North,West,TRUE,TRUE
20121119144216-802587389.945984,HALE,Haleakala,2012,1,Fixed,1,202,20.75912,-156.242179,World Geodetic System 1984,North,West,TRUE,TRUE
20121120074126-186013519.763947,HALE,Haleakala,2012,1,Rotational,13,268,20.707657,-156.204463,World Geodetic System 1984,North,West,TRUE,TRUE
20121120084504-673646688.461304,HALE,Haleakala,2012,1,Rotational,16,220,20.743473,-156.206291,World Geodetic System 1984,North,West,TRUE,TRUE
20121120092747-446993231.773376,HALE,Haleakala,2012,1,Rotational,14,255,20.7071,-156.189669,World Geodetic System 1984,North,West,TRUE,TRUE
20121120095427-904373705.387115,HALE,Haleakala,2012,1,Fixed,2,143,20.747232,-156.203727,World Geodetic System 1984,North,West,TRUE,TRUE
20121120102812-664871633.052826,HALE,Haleakala,2012,1,Rotational,18,74,20.742056,-156.205252,World Geodetic System 1984,North,West,TRUE,TRUE
20121120104150-375399231.910706,HALE,Haleakala,2012,1,Rotational,11,206,20.739226,-156.241263,World Geodetic System 1984,North,West,TRUE,TRUE
20121120110134-431542336.940765,HALE,Haleakala,2012,1,Fixed,6,221,20.734348,-156.236026,World Geodetic System 1984,North,West,TRUE,TRUE
20121120123314-898666501.045227,HALE,Haleakala,2012,1,Fixed,3,221,20.751833,-156.228068,World Geodetic System 1984,North,West,TRUE,TRUE
20121120125217-805818855.762482,HALE,Haleakala,2012,1,Fixed,10,83,20.705012,-156.229592,World Geodetic System 1984,North,West,TRUE,TRUE
20121120130018-824579894.542694,HALE,Haleakala,2012,1,Fixed,5,160,20.739578,-156.209405,World Geodetic System 1984,North,West,TRUE,TRUE
20121120132202-490728914.737701,HALE,Haleakala,2012,1,Fixed,4,154,20.745388,-156.19638,World Geodetic System 1984,North,West,TRUE,TRUE
20121120133734-774543046.951294,HALE,Haleakala,2012,1,Fixed,8,209,20.715581,-156.159144,World Geodetic System 1984,North,West,TRUE,TRUE
20130306114657-579518616.199493,HALE,Haleakala,2013,1,Rotational,20,262,20.755078,-156.229429,World Geodetic System 1984,North,West,TRUE,TRUE
20130307084858-579518616.199493,HALE,Haleakala,2013,1,Fixed,9,154,20.711445,-156.21539,World Geodetic System 1984,North,West,TRUE,TRUE
20130307105456-106369674.20578,HALE,Kipahulu District,2013,1,Fixed,3,126,20.699135,-156.101341,World Geodetic System 1984,North,West,TRUE,TRUE
20130307133035-300970494.747162,HALE,Kipahulu District,2012,1,Rotational,19,152,20.719684,-156.106333,World Geodetic System 1984,North,West,TRUE,TRUE
20130307150336-243931353.092194,HALE,Kipahulu District,2012,1,Rotational,15,147,20.699058,-156.115052,World Geodetic System 1984,North,West,TRUE,TRUE
20130307155838-757729291.915894,HALE,Kipahulu District,2012,1,Fixed,9,96,20.731392,-156.114382,World Geodetic System 1984,North,West,TRUE,TRUE
20130307170551-533022344.112396,HALE,Kipahulu District,2012,1,Rotational,18,172,20.684911,-156.09294,World Geodetic System 1984,North,West,TRUE,TRUE
20130311103524-620209574.699402,HALE,Kipahulu District,2012,1,Fixed,5,109,20.717795,-156.118602,World Geodetic System 1984,North,West,TRUE,TRUE
20130311114430-965364456.176758,HALE,Kipahulu District,2013,1,Rotational,16,332,20.715688,-156.110314,World Geodetic System 1984,North,West,TRUE,TRUE
20130311140216-984253227.710724,HALE,Kipahulu District,2012,1,Fixed,7,341,20.708922,-156.097663,World Geodetic System 1984,North,West,TRUE,TRUE
20130311154538-184424817.562103,HALE,Kipahulu District,2013,1,Fixed,2,124,20.709921,-156.118972,World Geodetic System 1984,North,West,TRUE,TRUE
20130311164454-868004083.633423,HALE,Kipahulu District,2013,1,Rotational,20,110,20.711181,-156.098349,World Geodetic System 1984,North,West,TRUE,TRUE
20130320103159-579518616.199493,HALE,Kipahulu District,2013,1,Rotational,21,340,20.681054,-156.067805,World Geodetic System 1984,North,West,TRUE,TRUE
20130320115303-347726404.666901,HALE,Kipahulu District,2013,1,Fixed,6,115,20.704758000000002,-156.090623,World Geodetic System 1984,North,West,TRUE,TRUE
20130418144200-579518616.199493,HALE,Haleakala,2013,1,Rotational,12,173,20.736004,-156.131059,World Geodetic System 1984,North,West,TRUE,TRUE
20130422085318-949556648.731232,HALE,Kipahulu District,2013,1,Rotational,12,245,20.700555,-156.117115,World Geodetic System 1984,North,West,TRUE,TRUE
20130502135541-705547511.577606,HALE,Haleakala,2012,1,Rotational,21,255,20.726068,-156.129624,World Geodetic System 1984,North,West,TRUE,TRUE
20140716132836-774740099.906921,AMME,Muchot,2014,1,Fixed,1,152,15.217376,145.728085,World Geodetic System 1984,North,East,TRUE,TRUE
20140716145134-506087362.766266,AMME,Muchot,2014,1,Fixed,2,152,15.217189,145.726987,World Geodetic System 1984,North,East,TRUE,TRUE
20140717085806-705547511.577606,AMME,Muchot,2014,1,Fixed,3,152,15.216892,145.725584,World Geodetic System 1984,North,East,TRUE,TRUE
20140717101603-322717666.625977,AMME,Muchot,2014,1,Fixed,4,143,15.216476,145.724078,World Geodetic System 1984,North,East,TRUE,TRUE
20140717120452-404864609.241486,AMME,Muchot,2014,1,Fixed,5A,148,15.216207,145.72286,World Geodetic System 1984,North,East,TRUE,TRUE
20140717122844-989428222.179413,AMME,Muchot,2014,1,Fixed,5B,126,15.215163,145.723574,World Geodetic System 1984,North,East,TRUE,TRUE
20140717125203-314812541.007996,AMME,Muchot,2014,1,Fixed,6A,145,15.215694,145.721541,World Geodetic System 1984,North,East,TRUE,TRUE
20140717132305-714927077.293396,AMME,Muchot,2014,1,Fixed,6B,,15.214623,145.722441,World Geodetic System 1984,North,East,TRUE,TRUE
20140811135827-14017641.544342,HALE,Kipahulu District,2013,1,Rotational,14,293,20.700567,-156.095778,World Geodetic System 1984,North,West,TRUE,TRUE
20140811144333-677947700.023651,HALE,Kipahulu District,2013,1,Fixed,1,113,20.705606,-156.128168,World Geodetic System 1984,North,West,TRUE,TRUE
20140812080129-579518616.199493,HALE,Kipahulu District,2013,1,Fixed,4,130,20.687833,-156.085872,World Geodetic System 1984,North,West,TRUE,TRUE
20150323085410-862619340.419769,HAVO,Nahuku/East Rift,2015,2,Rotational,24,275,19.38709,-155.227424,World Geodetic System 1984,North,West,TRUE,TRUE
20150323123456-807941019.535065,HAVO,Nahuku/East Rift,2015,2,Rotational,25,87,19.390392,-155.228469,World Geodetic System 1984,North,West,TRUE,TRUE
20150513154911-919377088.546753,HAVO,Nahuku/East Rift,2015,2,Fixed,2,153,19.385564,-155.216334,World Geodetic System 1984,North,West,TRUE,TRUE
20150514100501-279342055.32074,HAVO,Olaa,2015,2,Rotational,30,192,19.481997,-155.235519,World Geodetic System 1984,North,West,TRUE,TRUE
20150618081302-705547511.577606,HAVO,Nahuku/East Rift,2015,2,Fixed,5,137,19.354402,-155.163908,World Geodetic System 1984,North,West,TRUE,TRUE
20150826072144-705547511.577606,HAVO,Nahuku/East Rift,2015,2,Fixed,4,153,19.390648,-155.193293,World Geodetic System 1984,North,West,TRUE,TRUE
20150826075650-579518616.199493,HAVO,Olaa,2015,2,Fixed,9,59,19.510787,-155.247478,World Geodetic System 1984,North,West,TRUE,TRUE
20150826082900-927616536.617279,HAVO,Nahuku/East Rift,2015,2,Fixed,6,167,19.364098,-155.159725,World Geodetic System 1984,North,West,TRUE,TRUE
20150826090726-972966670.98999,HAVO,Nahuku/East Rift,2015,2,Fixed,7,143,19.362057,-155.139008,World Geodetic System 1984,North,West,TRUE,TRUE
20150826095036-406934142.112732,HAVO,Nahuku/East Rift,2015,2,Fixed,9,142,19.373801,-155.125751,World Geodetic System 1984,North,West,TRUE,TRUE
20150826152200-223261773.586273,HAVO,Nahuku/East Rift,2015,2,Rotational,22,7,19.342702,-155.148871,World Geodetic System 1984,North,West,TRUE,TRUE
20150826161129-909298360.347748,HAVO,Nahuku/East Rift,2015,2,Rotational,23,77,19.342658,-155.117145,World Geodetic System 1984,North,West,TRUE,TRUE
20150827075238-620209574.699402,HAVO,Olaa,2015,2,Fixed,2,60,19.484394,-155.210191,World Geodetic System 1984,North,West,TRUE,TRUE
20150827085216-646587133.407593,HAVO,Olaa,2015,2,Fixed,3,60,19.47809,-155.223504,World Geodetic System 1984,North,West,TRUE,TRUE
20150902141326-705547511.577606,HAVO,Olaa,2015,2,Fixed,10,60,19.501658,-155.271124,World Geodetic System 1984,North,West,TRUE,TRUE
20150902145053-938545167.446136,HAVO,Olaa,2015,2,Fixed,6,63,19.488246,-155.253776,World Geodetic System 1984,North,West,TRUE,TRUE
20150902154258-705547511.577606,HAVO,Olaa,2015,2,Fixed,8,59,19.495876,-155.259758,World Geodetic System 1984,North,West,TRUE,TRUE
20150902162850-985373914.241791,HAVO,Olaa,2015,2,Rotational,21,312,19.489751,-155.257701,World Geodetic System 1984,North,West,TRUE,TRUE
20150914091853-579518616.199493,HAVO,Olaa,2015,2,Rotational,23,39,19.483139,-155.24762,World Geodetic System 1984,North,West,TRUE,TRUE
20150914094841-886600077.152252,HAVO,Olaa,2015,2,Rotational,22,225,19.476311,-155.21829,World Geodetic System 1984,North,West,TRUE,TRUE
20150914104105-904373705.387115,HAVO,Olaa,2015,2,Rotational,24,111,19.502394,-155.241085,World Geodetic System 1984,North,West,TRUE,TRUE
20150914113618-702406346.797943,HAVO,Olaa,2015,2,Rotational,27,358,19.494503,-155.218928,World Geodetic System 1984,North,West,TRUE,TRUE
20150914120914-56689262.3901367,HAVO,Olaa,2015,2,Rotational,29,4,19.491663,-155.206623,World Geodetic System 1984,North,West,TRUE,TRUE
20150914124724-993945777.416229,HAVO,Olaa,2015,2,Rotational,28,139,19.510005,-155.261621,World Geodetic System 1984,North,West,TRUE,TRUE
20150914141334-777957856.655121,HAVO,Nahuku/East Rift,2015,2,Fixed,10,142,19.351519,-155.143429,World Geodetic System 1984,North,West,TRUE,TRUE
20150914151355-305358588.695526,HAVO,Nahuku/East Rift,2015,2,Rotational,26,323,19.353469,-155.128895,World Geodetic System 1984,North,West,TRUE,TRUE
20150914155808-482081532.478333,HAVO,Nahuku/East Rift,2015,2,Rotational,27,332,19.374132,-155.221319,World Geodetic System 1984,North,West,TRUE,TRUE
20150915064330-579518616.199493,HAVO,Nahuku/East Rift,2015,2,Rotational,30,271,19.401485,-155.234188,World Geodetic System 1984,North,West,TRUE,TRUE
20151223143805-705547511.577606,HAVO,Olaa,2015,2,Fixed,5,60,19.493867,-155.229453,World Geodetic System 1984,North,West,TRUE,TRUE
20151228103556-905729830.265045,HAVO,Olaa,2015,2,Fixed,7,,19.506317,-155.234282,World Geodetic System 1984,North,West,TRUE,TRUE
20151228120931-56236863.1362915,HAVO,Olaa,2015,2,Rotational,26,88,19.489562,-155.22188,World Geodetic System 1984,North,West,TRUE,TRUE
20151229111216-364018678.665161,HAVO,Nahuku/East Rift,2015,2,Fixed,3,153,19.387404,-155.204605,World Geodetic System 1984,North,West,TRUE,TRUE
20160119110711-705547511.577606,HAVO,Olaa,2015,2,Fixed,4,60,19.468763,-155.251726,World Geodetic System 1984,North,West,TRUE,TRUE
20160209092653-705547511.577606,HAVO,Nahuku/East Rift,2015,2,Fixed,1,153,19.386043,-155.229628,World Geodetic System 1984,North,West,TRUE,TRUE
20160223102705-705547511.577606,HAVO,Olaa,2015,2,Fixed,1,60,19.461313,-155.242224,World Geodetic System 1984,North,West,TRUE,TRUE
20160223122738-705547511.577606,HAVO,Olaa,2015,2,Rotational,25,179,19.495906,-155.233358,World Geodetic System 1984,North,West,TRUE,TRUE
20160328093001-705547511.577606,HAVO,Mauna Loa,2016,2,Rotational,28,2,19.502677,-155.395874,World Geodetic System 1984,North,West,TRUE,TRUE
20160411083502-45649170.8755493,HAVO,Kahuku,2016,2,Rotational,36,45,19.269643,-155.575412,World Geodetic System 1984,North,West,TRUE,TRUE
20160411100139-802587389.945984,HAVO,Kahuku,2016,2,Rotational,45,331,19.251372,-155.594798,World Geodetic System 1984,North,West,TRUE,TRUE
20160411103724-330300807.952881,HAVO,Kahuku,2016,2,Rotational,42,127,19.263774,-155.58558,World Geodetic System 1984,North,West,TRUE,TRUE
20160411105728-151656985.282898,HAVO,Kahuku,2016,2,Rotational,40,6,19.258049,-155.587544,World Geodetic System 1984,North,West,TRUE,TRUE
20160411111554-93152582.6454163,HAVO,Kahuku,2016,2,Rotational,39,99,19.241527,-155.612061,World Geodetic System 1984,North,West,TRUE,TRUE
20160411114430-408760964.870453,HAVO,Kahuku,2016,2,Fixed,14,128,19.269141,-155.578989,World Geodetic System 1984,North,West,TRUE,TRUE
20160411131214-72723507.8811646,HAVO,Kahuku,2016,2,Fixed,13,308,19.261527,-155.583624,World Geodetic System 1984,North,West,TRUE,TRUE
20160411133443-326844692.230225,HAVO,Kahuku,2016,2,Fixed,12,308,19.255345,-155.590982,World Geodetic System 1984,North,West,TRUE,TRUE
20160411135737-498516380.786896,HAVO,Kahuku,2016,2,Fixed,11,128,19.250118,-155.599171,World Geodetic System 1984,North,West,TRUE,TRUE
20160411141802-953128993.5112,HAVO,Kahuku,2016,2,Fixed,10,308,19.242526,-155.604081,World Geodetic System 1984,North,West,TRUE,TRUE
20160411144451-467859745.025635,HAVO,Kahuku,2016,2,Fixed,15,308,19.273798,-155.569581,World Geodetic System 1984,North,West,TRUE,TRUE
20160411154110-220317482.948303,HAVO,Mauna Loa,2016,2,Fixed,4,128,19.278346,-155.607367,World Geodetic System 1984,North,West,TRUE,TRUE
20160411160749-818339824.676514,HAVO,Mauna Loa,2016,2,Fixed,5,128,19.290416,-155.577116,World Geodetic System 1984,North,West,TRUE,TRUE
20160413153617-705547511.577606,HAVO,Mauna Loa,2016,2,Fixed,2,128,19.318249,-155.55323,World Geodetic System 1984,North,West,TRUE,TRUE
20160426085412-705547511.577606,HAVO,Kahuku,2016,2,Fixed,2,333,19.115072,-155.676565,World Geodetic System 1984,North,West,TRUE,TRUE
20160426095349-620209574.699402,HAVO,Mauna Loa,2016,2,Rotational,25,101,19.317144,-155.584221,World Geodetic System 1984,North,West,TRUE,TRUE
20160426103054-463584005.832672,HAVO,Mauna Loa,2016,2,Fixed,1,68,19.239547,-155.761617,World Geodetic System 1984,North,West,TRUE,TRUE
20160426110350-382569313.049316,HAVO,Kahuku,2016,2,Fixed,3,175,19.117675,-155.680122,World Geodetic System 1984,North,West,TRUE,TRUE
20160426140251-705547511.577606,HAVO,Mauna Loa,2016,2,Rotational,26,189,19.384911,-155.743432,World Geodetic System 1984,North,West,TRUE,TRUE
20160426150525-206017196.178436,HAVO,Mauna Loa,2016,2,Rotational,22,300,19.302494,-155.572283,World Geodetic System 1984,North,West,TRUE,TRUE
20160426153008-784488618.373871,HAVO,Mauna Loa,2016,2,Fixed,7,128,19.312132,-155.560525,World Geodetic System 1984,North,West,TRUE,TRUE
20160426160201-401036381.721497,HAVO,Mauna Loa,2016,2,Fixed,3,100,19.397874,-155.74247,World Geodetic System 1984,North,West,TRUE,TRUE
20160517085642-579518616.199493,HAVO,Kahuku,2016,2,Fixed,5,267,19.147614,-155.685328,World Geodetic System 1984,North,West,TRUE,TRUE
20160517104615-538246333.599091,HAVO,Kahuku,2016,2,Rotational,31,277,19.109056,-155.673619,World Geodetic System 1984,North,West,TRUE,TRUE
20160517114154-106133759.021759,HAVO,Kahuku,2016,2,Rotational,35,329,19.123436,-155.675826,World Geodetic System 1984,North,West,TRUE,TRUE
20160517131018-579518616.199493,HAVO,Kahuku,2016,2,Rotational,41,179,19.143962,-155.683777,World Geodetic System 1984,North,West,TRUE,TRUE
20160517134810-847245514.392853,HAVO,Kahuku,2016,2,Rotational,44,6,19.112581,-155.682082,World Geodetic System 1984,North,West,TRUE,TRUE
20160517152502-18808901.309967,HAVO,Mauna Loa,2016,2,Fixed,6,128,19.303874,-155.564715,World Geodetic System 1984,North,West,TRUE,TRUE
20160517160147-281609952.449799,HAVO,Mauna Loa,2016,2,Fixed,8,128,19.339953,-155.552255,World Geodetic System 1984,North,West,TRUE,TRUE
20160517162615-982142031.19278,HAVO,Mauna Loa,2016,2,Fixed,9,192,19.48585,-155.409654,World Geodetic System 1984,North,West,TRUE,TRUE
20160518083424-826225519.180298,HAVO,Mauna Loa,2016,2,Fixed,10,137,19.496527,-155.397212,World Geodetic System 1984,North,West,TRUE,TRUE
20160518090038-972966670.98999,HAVO,Mauna Loa,2016,2,Rotational,21,274,19.273887,-155.611081,World Geodetic System 1984,North,West,TRUE,TRUE
20160518102053-694607496.261597,HAVO,Mauna Loa,2016,2,Rotational,27,265,19.347109,-155.52676399999999,World Geodetic System 1984,North,West,TRUE,TRUE
20160518104031-794173538.684845,HAVO,Mauna Loa,2016,2,Rotational,24,54,19.326761,-155.545743,World Geodetic System 1984,North,West,TRUE,TRUE
20160518105651-87257385.2539063,HAVO,Mauna Loa,2016,2,Rotational,29,115,19.483244,-155.408015,World Geodetic System 1984,North,West,TRUE,TRUE
20160622154755-579518616.199493,HAVO,Mauna Loa,2016,2,Rotational,23,185,19.256378,-155.6356,World Geodetic System 1984,North,West,TRUE,TRUE
20160705100611-579518616.199493,HAVO,Kahuku,2016,2,Fixed,1,240,19.103486,-155.672323,World Geodetic System 1984,North,West,TRUE,TRUE
20160705113630-714816331.863403,HAVO,Kahuku,2016,2,Rotational,32,169,19.090562,-155.669313,World Geodetic System 1984,North,West,TRUE,TRUE
20160718082629-579518616.199493,HAVO,Kahuku,2016,2,Fixed,7,308,19.198755,-155.65272,World Geodetic System 1984,North,West,TRUE,TRUE
20160718152134-579518616.199493,HAVO,Kahuku,2016,2,Fixed,8,308,19.204562,-155.645124,World Geodetic System 1984,North,West,TRUE,TRUE
20160718155540-832730174.064636,HAVO,Kahuku,2016,2,Rotational,43,240,19.190046,-155.663548,World Geodetic System 1984,North,West,TRUE,TRUE
20160718161351-302497565.746307,HAVO,Kahuku,2016,2,Rotational,38,162,19.209113,-155.643923,World Geodetic System 1984,North,West,TRUE,TRUE
20160719080807-579518616.199493,HAVO,Kahuku,2016,2,Fixed,9,308,19.210587,-155.638082,World Geodetic System 1984,North,West,TRUE,TRUE
20160719102617-579518616.199493,HAVO,Kahuku,2016,2,Rotational,37,27,19.193707,-155.658969,World Geodetic System 1984,North,West,TRUE,TRUE
20160719105744-241219.997406006,HAVO,Kahuku,2016,2,Rotational,34,132,19.130796,-155.685683,World Geodetic System 1984,North,West,TRUE,TRUE
20160719114609-372814297.676086,HAVO,Kahuku,2016,2,Fixed,6,128,19.193725,-155.661422,World Geodetic System 1984,North,West,TRUE,TRUE
20160726105750-579518616.199493,HAVO,Kahuku,2016,2,Fixed,4,91,19.128391,-155.67905,World Geodetic System 1984,North,West,TRUE,TRUE
20160816123604-301948010.921478,HAVO,Nahuku/East Rift,2016,2,Fixed,8,143,19.368345,-155.132752,World Geodetic System 1984,North,West,TRUE,TRUE
20160816141159-216733515.262604,HAVO,Nahuku/East Rift,2016,2,Rotational,28,318,19.383193,-155.204843,World Geodetic System 1984,North,West,TRUE,TRUE
20160816153132-729410886.764526,HAVO,Kahuku,2016,2,Rotational,33,181,19.157912,-155.685076,World Geodetic System 1984,North,West,TRUE,TRUE
20160822082643-474459171.295166,HAVO,Nahuku/East Rift,2016,2,Rotational,29,297,19.34888,-155.150455,World Geodetic System 1984,North,West,TRUE,TRUE
20160822094912-278589427.471161,HAVO,Mauna Loa,2016,2,Rotational,30,237,19.496271,-155.3838,World Geodetic System 1984,North,West,TRUE,TRUE
20170706135116-301948010.921478,HALE,Haleakala,2017,2,Rotational,25,285,20.72356,-156.144352,World Geodetic System 1984,North,West,TRUE,TRUE
20170726090245-705547511.577606,HALE,Haleakala,2017,2,Fixed,2,143,20.747232,-156.203727,World Geodetic System 1984,North,West,TRUE,TRUE
20170726125535-97973823.5473633,HALE,Haleakala,2017,2,Fixed,3,221,20.751833,-156.228068,World Geodetic System 1984,North,West,TRUE,TRUE
20170726141618-356586277.484894,HALE,Haleakala,2017,2,Fixed,4,154,20.745388,-156.19638,World Geodetic System 1984,North,West,TRUE,TRUE
20170726162115-390291452.407837,HALE,Haleakala,2017,2,Fixed,5,160,20.739578,-156.209405,World Geodetic System 1984,North,West,TRUE,TRUE
20170728084241-705547511.577606,HALE,Haleakala,2017,2,Fixed,6,221,20.734348,-156.236026,World Geodetic System 1984,North,West,TRUE,TRUE
20170728100415-575183808.803558,HALE,Haleakala,2017,2,Fixed,8,209,20.715581,-156.159144,World Geodetic System 1984,North,West,TRUE,TRUE
20170728133534-579518616.199493,KALA,Hoolehua,2017,2,Rotational,47,220,21.209951,-156.964451,World Geodetic System 1984,North,West,TRUE,TRUE
20170731080136-579518616.199493,HALE,Haleakala,2017,2,Rotational,26,34,20.715308,-156.252377,World Geodetic System 1984,North,West,TRUE,TRUE
20170731140024-210368633.270264,HALE,Haleakala,2017,2,Rotational,28,15,20.745877,-156.243926,World Geodetic System 1984,North,West,TRUE,TRUE
20170731142600-579518616.199493,KALA,Hoolehua,2017,2,Rotational,48,220,21.21067,-156.965712,World Geodetic System 1984,North,West,TRUE,TRUE
20170731162007-363458693.027496,KALA,Hoolehua,2017,2,Rotational,49,220,21.21172,-156.966622,World Geodetic System 1984,North,West,TRUE,TRUE
20170731162927-164234161.376953,HALE,Haleakala,2017,2,Rotational,29,357,20.746939,-156.211275,World Geodetic System 1984,North,West,TRUE,TRUE
20170801101554-980003237.724304,HALE,Haleakala,2017,2,Rotational,30,266,20.735964,-156.158533,World Geodetic System 1984,North,West,TRUE,TRUE
20170802140107-705547511.577606,HALE,Kipahulu District,2017,2,Fixed,2,124,20.709921,-156.118972,World Geodetic System 1984,North,West,TRUE,TRUE
20170803134423-705547511.577606,HALE,Kipahulu District,2017,2,Fixed,5,109,20.717795,-156.118602,World Geodetic System 1984,North,West,TRUE,TRUE
20170814162331-579518616.199493,HALE,Haleakala,2017,2,Fixed,7,278,20.7205,-156.144918,World Geodetic System 1984,North,West,TRUE,TRUE
20170815075221-705547511.577606,HALE,Haleakala,2017,2,Fixed,10,83,20.705012,-156.229592,World Geodetic System 1984,North,West,TRUE,TRUE
20170815105313-872546851.634979,HALE,Haleakala,2017,2,Rotational,22,238,20.727376,-156.177012,World Geodetic System 1984,North,West,TRUE,TRUE
20170815135251-849099993.70575,HALE,Haleakala,2017,2,Rotational,23,173,20.717873,-156.190967,World Geodetic System 1984,North,West,TRUE,TRUE
20170815150117-752542495.727539,HALE,Haleakala,2017,2,Rotational,27,120,20.701816,-156.188951,World Geodetic System 1984,North,West,TRUE,TRUE
20170816094914-579518616.199493,HALE,Haleakala,2017,2,Rotational,24,75,20.720897,-156.209824,World Geodetic System 1984,North,West,TRUE,TRUE
20170816102924-543360590.934753,HALE,Haleakala,2017,2,Rotational,31,274,20.708819,-156.189925,World Geodetic System 1984,North,West,TRUE,TRUE
20170816112842-219409108.161926,HALE,Haleakala,2017,2,Fixed,9,154,20.711445,-156.21539,World Geodetic System 1984,North,West,TRUE,TRUE
20170817083001-705547511.577606,HALE,Kipahulu District,2017,2,Fixed,9,96,20.731392,-156.114382,World Geodetic System 1984,North,West,TRUE,TRUE
20170817132808-579518616.199493,KALA,Hoolehua,2017,2,Rotational,46,220,21.209097,-156.963345,World Geodetic System 1984,North,West,TRUE,TRUE
20170821102912-705547511.577606,HALE,Kipahulu District,2017,2,Rotational,30,92,20.735894,-156.123413,World Geodetic System 1984,North,West,TRUE,TRUE
20170821114626-579518616.199493,KALA,Hoolehua,2017,2,Rotational,50,220,21.212412,-156.967865,World Geodetic System 1984,North,West,TRUE,TRUE
20171024153509-14017641.544342,KALA,Hoolehua,2017,2,Rotational,45,220,21.208628,-156.961869,World Geodetic System 1984,North,West,TRUE,TRUE
20171024163307-406421303.749084,KALA,Hoolehua,2017,2,Rotational,44,220,21.207998,-156.960539,World Geodetic System 1984,North,West,TRUE,TRUE
20171109120701-705547511.577606,HALE,Kipahulu District,2017,2,Fixed,4,130,20.687833,-156.085872,World Geodetic System 1984,North,West,TRUE,TRUE
20171115123506-579518616.199493,KALA,Hoolehua,2017,2,Rotational,42,220,21.205728,-156.958769,World Geodetic System 1984,North,West,TRUE,TRUE
20171116090423-219409108.161926,KALA,Hoolehua,2017,2,Rotational,43,220,21.206661,-156.959806,World Geodetic System 1984,North,West,TRUE,TRUE
20171116105044-50045013.4277344,KALA,Kalawao,2017,2,Rotational,26,241,21.185491,-156.949235,World Geodetic System 1984,North,West,TRUE,TRUE
20171116121721-192306995.391846,KALA,Kalawao,2017,2,Rotational,27,241,21.187132,-156.949048,World Geodetic System 1984,North,West,TRUE,TRUE
20171116141158-240698456.764221,KALA,Kalawao,2017,2,Rotational,28,241,21.188429,-156.949512,World Geodetic System 1984,North,West,TRUE,TRUE
20171116150250-983708381.652832,KALA,Kalawao,2017,2,Rotational,29,241,21.189586,-156.950353,World Geodetic System 1984,North,West,TRUE,TRUE
20171212104948-579518616.199493,KALA,Kalawao,2017,2,Rotational,30,241,21.190829,-156.950808,World Geodetic System 1984,North,West,TRUE,TRUE
20171212133824-150311291.217804,KALA,Kalawao,2017,2,Rotational,31,241,21.192021,-156.951542,World Geodetic System 1984,North,West,TRUE,TRUE
20171212152428-846187412.7388,KALA,Kalawao,2017,2,Rotational,32,241,21.193266,-156.952122,World Geodetic System 1984,North,West,TRUE,TRUE
20171213065630-162821590.900421,KALA,Kalawao,2017,2,Rotational,33,241,21.194693,-156.952873,World Geodetic System 1984,North,West,TRUE,TRUE
20171213084318-256628930.568695,KALA,Kalawao,2017,2,Rotational,34,241,21.195569,-156.953622,World Geodetic System 1984,North,West,TRUE,TRUE
20171213094225-73953330.5168152,KALA,Kalawao,2017,2,Rotational,35,241,21.196438,-156.954592,World Geodetic System 1984,North,West,TRUE,TRUE
20171213102126-497070968.151093,KALA,Kalawao,2017,2,Rotational,36,241,21.197883,-156.955313,World Geodetic System 1984,North,West,TRUE,TRUE
20171213110451-596437752.246857,KALA,Kalawao,2017,2,Rotational,37,241,21.198887,-156.956215,World Geodetic System 1984,North,West,TRUE,TRUE
20171213131048-645133078.098297,KALA,Kalawao,2017,2,Rotational,38,241,21.200016,-156.956979,World Geodetic System 1984,North,West,TRUE,TRUE
20171213143200-579518616.199493,KALA,Kalawao,2017,2,Rotational,39,241,21.201271,-156.957626,World Geodetic System 1984,North,West,TRUE,TRUE
20171214095756-672427594.661713,KALA,Kalawao,2017,2,Rotational,40,241,21.202985,-156.958238,World Geodetic System 1984,North,West,TRUE,TRUE
20171214110048-223323166.370392,KALA,Kalawao,2017,2,Rotational,41,241,21.204192,-156.957991,World Geodetic System 1984,North,West,TRUE,TRUE
20180117100706-774740099.906921,HALE,Haleakala,2017,2,Fixed,1,202,20.75912,-156.242179,World Geodetic System 1984,North,West,TRUE,TRUE
20180213080800-579518616.199493,HALE,Kipahulu District,2018,2,Rotational,22,135,20.705335,-156.105013,World Geodetic System 1984,North,West,TRUE,TRUE
20180302081317-705547511.577606,HALE,Kipahulu District,2018,2,Fixed,3,126,20.699135,-156.101341,World Geodetic System 1984,North,West,TRUE,TRUE
20180411094001-579518616.199493,HALE,Kipahulu District,2018,2,Fixed,10,120,20.693895,-156.110248,World Geodetic System 1984,North,West,TRUE,TRUE
20180411120136-705547511.577606,HALE,Kipahulu District,2018,2,Fixed,6,115,20.704758000000002,-156.090623,World Geodetic System 1984,North,West,TRUE,TRUE
20190716111502-705547511.577606,AMME,Muchot,2019,2,Fixed,1,152,15.217376,145.728085,World Geodetic System 1984,North,East,TRUE,TRUE
20190716140231-928785979.747772,AMME,Muchot,2019,2,Fixed,2,152,15.217189,145.726987,World Geodetic System 1984,North,East,TRUE,TRUE
20190731091947-705547511.577606,AMME,Muchot,2019,2,Fixed,3,152,15.216892,145.725584,World Geodetic System 1984,North,East,TRUE,TRUE
20190731114238-657054960.727692,AMME,Muchot,2019,2,Fixed,4,143,15.216476,145.724078,World Geodetic System 1984,North,East,TRUE,TRUE
20190806073140-300970494.747162,AMME,Muchot,2019,2,Fixed,5A,148,15.216207,145.72286,World Geodetic System 1984,North,East,TRUE,TRUE
20190806092818-422918260.097504,AMME,Muchot,2019,2,Fixed,5B,126,15.215163,145.723574,World Geodetic System 1984,North,East,TRUE,TRUE
20190806113043-585937917.232513,AMME,Muchot,2019,2,Fixed,6A,145,15.215694,145.721541,World Geodetic System 1984,North,East,TRUE,TRUE
20190806134842-184424817.562103,AMME,Muchot,2019,2,Fixed,6B,,15.214623,145.722441,World Geodetic System 1984,North,East,TRUE,TRUE
20210928112117-705547511.577606,HAVO,Olaa,2021,3,Fixed,1,60,19.461313,-155.242224,World Geodetic System 1984,North,West,TRUE,TRUE
20210928130858-114623308.181763,HAVO,Olaa,2021,3,Fixed,2,60,19.484394,-155.210191,World Geodetic System 1984,North,West,TRUE,TRUE
20210928135633-573013365.268707,HAVO,Olaa,2021,3,Fixed,3,60,19.47809,-155.223504,World Geodetic System 1984,North,West,TRUE,TRUE
20210928144201-462500154.972076,HAVO,Olaa,2021,3,Fixed,4,60,19.468763,-155.251726,World Geodetic System 1984,North,West,TRUE,TRUE
20210928152523-384382843.971252,HAVO,Olaa,2021,3,Fixed,6,63,19.488246,-155.253776,World Geodetic System 1984,North,West,TRUE,TRUE
20210928160546-239588975.906372,HAVO,Olaa,2021,3,Fixed,8,59,19.495876,-155.259758,World Geodetic System 1984,North,West,TRUE,TRUE
20210928163356-412967801.094055,HAVO,Olaa,2021,3,Fixed,10,60,19.501658,-155.271124,World Geodetic System 1984,North,West,TRUE,TRUE
20210928164948-494376718.997955,HAVO,Olaa,2021,3,Rotational,34,313,19.494887,-155.257002,World Geodetic System 1984,North,West,TRUE,TRUE
20210928170708-378606200.218201,HAVO,Olaa,2021,3,Rotational,35,353,19.508687,-155.26242,World Geodetic System 1984,North,West,TRUE,TRUE
20210929074214-579518616.199493,HAVO,Olaa,2021,3,Rotational,37,358,19.4904193,-155.255615,World Geodetic System 1984,North,West,TRUE,TRUE
20211207124436-705547511.577606,HAVO,Olaa,2021,3,Fixed,5,60,19.493867,-155.229453,World Geodetic System 1984,North,West,TRUE,TRUE
20211207133913-674826085.567474,HAVO,Olaa,2021,3,Fixed,7,,19.506317,-155.234282,World Geodetic System 1984,North,West,TRUE,TRUE
20211207150209-54648637.7716064,HAVO,Olaa,2021,3,Fixed,9,59,19.510787,-155.247478,World Geodetic System 1984,North,West,TRUE,TRUE
20211207153326-363467097.28241,HAVO,Olaa,2021,3,Rotational,31,257,19.488242,-155.234905,World Geodetic System 1984,North,West,TRUE,TRUE
20211207155845-957129836.082458,HAVO,Olaa,2021,3,Rotational,32,89,19.467173,-155.236612,World Geodetic System 1984,North,West,TRUE,TRUE
20211207161552-262924849.98703,HAVO,Olaa,2021,3,Rotational,33,64,19.506127,-155.26766,World Geodetic System 1984,North,West,TRUE,TRUE
20211207164407-606778442.85965,HAVO,Olaa,2021,3,Rotational,36,231,19.482988,-155.232877,World Geodetic System 1984,North,West,TRUE,TRUE
20211207170940-580940365.791321,HAVO,Olaa,2021,3,Rotational,39,328,19.493657,-155.219067,World Geodetic System 1984,North,West,TRUE,TRUE
20211208075522-443862497.806549,HAVO,Olaa,2021,3,Rotational,40,317,19.470172,-155.230093,World Geodetic System 1984,North,West,TRUE,TRUE
20220120111417-705547511.577606,HAVO,Nahuku/East Rift,2022,3,Fixed,1,153,19.386043,-155.229628,World Geodetic System 1984,North,West,TRUE,TRUE
20220120115808-191922485.8284,HAVO,Nahuku/East Rift,2021,3,Fixed,2,153,19.385564,-155.216334,World Geodetic System 1984,North,West,TRUE,TRUE
20220120130802-463584005.832672,HAVO,Nahuku/East Rift,2022,3,Rotational,36,355,19.384302,-155.209795,World Geodetic System 1984,North,West,TRUE,TRUE
20220120140345-413233101.36795,HAVO,Nahuku/East Rift,2022,3,Rotational,38,47,19.383572,-155.23379,World Geodetic System 1984,North,West,TRUE,TRUE
20220120144758-857411265.37323,HAVO,Nahuku/East Rift,2022,3,Rotational,40,267,19.373778,-155.217337,World Geodetic System 1984,North,West,TRUE,TRUE
20220321152135-579518616.199493,HAVO,Nahuku/East Rift,2022,3,Rotational,32,229,19.407272,-155.236672,World Geodetic System 1984,North,West,TRUE,TRUE
20220322095010-130420446.395874,HAVO,Nahuku/East Rift,2022,3,Rotational,33,204,19.425641,-155.251775,World Geodetic System 1984,North,West,TRUE,TRUE
20220602120255-579518616.199493,HAVO,Olaa,2022,3,Rotational,38,86,19.506595,-155.20993000000001,World Geodetic System 1984,North,West,TRUE,TRUE
20220901091806-705547511.577606,HAVO,Mauna Loa,2022,3,Fixed,2,128,19.318249,-155.55323,World Geodetic System 1984,North,West,TRUE,TRUE
20220906075318-705547511.577606,HAVO,Kahuku,2022,3,Fixed,4,91,19.128391,-155.67905,World Geodetic System 1984,North,West,TRUE,TRUE
20220906093025-979077935.218811,HAVO,Kahuku,2022,3,Rotational,52,152,19.138933,-155.680402,World Geodetic System 1984,North,West,TRUE,TRUE
20220906102830-427533328.533173,HAVO,Kahuku,2022,3,Rotational,58,2,19.154632,-155.686235,World Geodetic System 1984,North,West,TRUE,TRUE
20220906111452-840887069.702148,HAVO,Kahuku,2022,3,Fixed,3,175,19.117675,-155.680122,World Geodetic System 1984,North,West,TRUE,TRUE
20220906112616-939971148.967743,HAVO,Kahuku,2022,3,Rotational,59,20,19.14388,-155.686383,World Geodetic System 1984,North,West,TRUE,TRUE
20220906120039-258442044.258118,HAVO,Kahuku,2022,3,Rotational,60,346,19.121468,-155.685895,World Geodetic System 1984,North,West,TRUE,TRUE
20220906140854-74107885.3607178,HAVO,Mauna Loa,2022,3,Rotational,31,11,19.45702,-155.453464,World Geodetic System 1984,North,West,TRUE,TRUE
20220906142758-629987359.046936,HAVO,Mauna Loa,2022,3,Fixed,8,128,19.339953,-155.552255,World Geodetic System 1984,North,West,TRUE,TRUE
20220906144016-554015040.397644,HAVO,Mauna Loa,2022,3,Rotational,37,227,19.346382,-155.536785,World Geodetic System 1984,North,West,TRUE,TRUE
20220906145306-43198525.9056091,HAVO,Mauna Loa,2022,3,Fixed,10,137,19.496527,-155.397212,World Geodetic System 1984,North,West,TRUE,TRUE
20220906151616-246225595.474243,HAVO,Mauna Loa,2022,3,Fixed,9,192,19.48585,-155.409654,World Geodetic System 1984,North,West,TRUE,TRUE
20220906152721-398755490.779877,HAVO,Kahuku,2022,3,Fixed,5,267,19.147614,-155.685328,World Geodetic System 1984,North,West,TRUE,TRUE
20220907072544-705547511.577606,HAVO,Kahuku,2022,3,Fixed,10,308,19.242526,-155.604081,World Geodetic System 1984,North,West,TRUE,TRUE
20220907074031-278279960.155487,HAVO,Kahuku,2022,3,Rotational,53,358,19.244675,-155.604602,World Geodetic System 1984,North,West,TRUE,TRUE
20220915135835-579518616.199493,HAVO,Kahuku,2022,3,Rotational,49,123,19.10922,-155.67375,World Geodetic System 1984,North,West,TRUE,TRUE
20220915142825-401374340.057373,HAVO,Kahuku,2022,3,Rotational,50,351,19.123848,-155.682373,World Geodetic System 1984,North,West,TRUE,TRUE
20220915152233-89896559.715271,HAVO,Mauna Loa,2022,3,Rotational,32,268,19.310775,-155.54952,World Geodetic System 1984,North,West,TRUE,TRUE
20220915160015-406062722.206116,HAVO,Mauna Loa,2022,3,Fixed,7,128,19.312132,-155.560525,World Geodetic System 1984,North,West,TRUE,TRUE
20220915162903-110386848.449707,HAVO,Mauna Loa,2022,3,Fixed,6,128,19.303874,-155.564715,World Geodetic System 1984,North,West,TRUE,TRUE
20220915165205-74107885.3607178,HAVO,Mauna Loa,2022,3,Rotational,34,278,19.30291,-155.552745,World Geodetic System 1984,North,West,TRUE,TRUE
20220915170810-375399231.910706,HAVO,Mauna Loa,2022,3,Fixed,5,128,19.290416,-155.577116,World Geodetic System 1984,North,West,TRUE,TRUE
20220919071638-579518616.199493,HAVO,Kahuku,2022,3,Rotational,57,230,19.306038,-155.542818,World Geodetic System 1984,North,West,TRUE,TRUE
20220928092117-705547511.577606,HAVO,Kahuku,2022,3,Fixed,6,128,19.193725,-155.661422,World Geodetic System 1984,North,West,TRUE,TRUE
20220928132228-705547511.577606,HAVO,Kahuku,2022,3,Fixed,8,308,19.204562,-155.645124,World Geodetic System 1984,North,West,TRUE,TRUE
20220928134321-289665043.354034,HAVO,Kahuku,2022,3,Rotational,56,96,19.208683,-155.644352,World Geodetic System 1984,North,West,TRUE,TRUE
20220928135845-329735934.734344,HAVO,Kahuku,2022,3,Fixed,9,308,19.210587,-155.638082,World Geodetic System 1984,North,West,TRUE,TRUE
20220928143442-185402512.550354,HAVO,Kahuku,2022,3,Fixed,7,308,19.198755,-155.65272,World Geodetic System 1984,North,West,TRUE,TRUE
20220928150055-259060978.889465,HAVO,Kahuku,2022,3,Fixed,2,333,19.115072,-155.676565,World Geodetic System 1984,North,West,TRUE,TRUE
20220928152524-692547857.761383,HAVO,Kahuku,2022,3,Rotational,55,263,19.119348,-155.679102,World Geodetic System 1984,North,West,TRUE,TRUE
20220928155323-714486360.549927,HAVO,Mauna Loa,2022,3,Rotational,35,171,19.487406,-155.406449,World Geodetic System 1984,North,West,TRUE,TRUE
20221012072750-579518616.199493,HAVO,Kahuku,2022,3,Fixed,11,128,19.250118,-155.599171,World Geodetic System 1984,North,West,TRUE,TRUE
20221012073810-999414563.179016,HAVO,Kahuku,2022,3,Fixed,12,308,19.255345,-155.590982,World Geodetic System 1984,North,West,TRUE,TRUE
20221012080554-513737499.713898,HAVO,Kahuku,2022,3,Fixed,13,308,19.261527,-155.583624,World Geodetic System 1984,North,West,TRUE,TRUE
20221012082051-81893563.2705688,HAVO,Kahuku,2022,3,Rotational,46,221,19.263922,-155.581684,World Geodetic System 1984,North,West,TRUE,TRUE
20221012083121-864534497.261047,HAVO,Kahuku,2022,3,Rotational,51,207,19.251925,-155.594833,World Geodetic System 1984,North,West,TRUE,TRUE
20221012084409-427533328.533173,HAVO,Kahuku,2022,3,Fixed,1,240,19.103486,-155.672323,World Geodetic System 1984,North,West,TRUE,TRUE
20221024092307-712730467.319489,HAVO,Kahuku,2022,3,Fixed,14,128,19.269141,-155.578989,World Geodetic System 1984,North,West,TRUE,TRUE
20221024093419-489894747.73407,HAVO,Kahuku,2022,3,Fixed,15,308,19.273798,-155.569581,World Geodetic System 1984,North,West,TRUE,TRUE
20221024095152-95429062.8433228,HAVO,Mauna Loa,2022,3,Fixed,4,128,19.278346,-155.607367,World Geodetic System 1984,North,West,TRUE,TRUE
20221024101119-302497565.746307,HAVO,Mauna Loa,2022,3,Rotational,36,314,19.281263,-155.578217,World Geodetic System 1984,North,West,TRUE,TRUE
20221024115516-579518616.199493,HAVO,Mauna Loa,2022,3,Rotational,40,175,19.282963,-155.60109,World Geodetic System 1984,North,West,TRUE,TRUE
20221024140937-430261135.101318,HAVO,Mauna Loa,2022,3,Rotational,33,20,19.274082,-155.595182,World Geodetic System 1984,North,West,TRUE,TRUE
20221031074523-579518616.199493,HAVO,Kahuku,2022,3,Rotational,47,48,19.090622,-155.669596,World Geodetic System 1984,North,West,TRUE,TRUE
20221031082831-544013977.050781,HAVO,Kahuku,2022,3,Rotational,54,342,19.094434,-155.668051,World Geodetic System 1984,North,West,TRUE,TRUE
20221115160748-705547511.577606,HAVO,Mauna Loa,2022,3,Fixed,3,100,19.397874,-155.74247,World Geodetic System 1984,North,West,TRUE,TRUE
20221117074433-774740099.906921,HAVO,Kahuku,2022,3,Rotational,48,358,19.105222,-155.680317,World Geodetic System 1984,North,West,TRUE,TRUE
20221213115224-207561135.292053,HAVO,Mauna Loa,2022,3,Rotational,39,291,19.306252,-155.576667,World Geodetic System 1984,North,West,TRUE,TRUE
20230918093853-705547511.577606,HAVO,Mauna Loa,2023,3,Fixed,1,68,19.239547,-155.761617,World Geodetic System 1984,North,West,TRUE,TRUE
20230918100543-73953330.5168152,HAVO,Mauna Loa,2023,3,Rotational,38,256,19.236937,-155.745731,World Geodetic System 1984,North,West,TRUE,TRUE
20230918134844-705547511.577606,HAVO,Nahuku/East Rift,2023,3,Fixed,3,153,19.387404,-155.204605,World Geodetic System 1984,North,West,TRUE,TRUE
